{
  "image_info": {
    "filename": "0002.jpg",
    "height": 512,
    "width": 512,
    "channels": 3,
    "aspect_ratio": 1.0
  },
  "depth_features": {
    "mean_depth": 0.3218148942100638,
    "std_depth": 0.12642822763199366,
    "min_depth": 2.1263403362620055e-19,
    "max_depth": 1.0
  },
  "color_features": {
    "mean_hue": 16.652252197265625,
    "std_hue": 3.9642449277925995,
    "mean_saturation": 188.4771842956543,
    "std_saturation": 41.58583327293301,
    "mean_value": 168.76617050170898,
    "std_value": 51.13171849782078,
    "mean_blue": 49.77821350097656,
    "std_blue": 42.4741044681683,
    "mean_green": 115.64620971679688,
    "std_green": 53.58973804545723,
    "mean_red": 168.76166915893555,
    "std_red": 51.12455151663096,
    "mean_lightness": 134.3881607055664,
    "std_lightness": 50.009702927228844,
    "dominant_hue": 18.0,
    "dominant_colors": [
      [
        41,
        117,
        178
      ],
      [
        10,
        51,
        99
      ],
      [
        25,
        80,
        136
      ],
      [
        136,
        214,
        247
      ],
      [
        73,
        158,
        216
      ]
    ],
    "color_proportions": [
      0.2631492614746094,
      0.18741989135742188,
      0.24888229370117188,
      0.130584716796875,
      0.16996383666992188
    ]
  },
  "texture_features": {
    "contrast": 688.7926960671903,
    "homogeneity": 0.1386822620822417,
    "energy": 8.668673399370164e-05,
    "lbp_stats": [
      0.09123992919921875,
      0.01937103271484375,
      0.01071929931640625,
      0.00571441650390625,
      0.010730743408203125,
      0.00335693359375,
      0.0057830810546875,
      0.004985809326171875,
      0.010406494140625,
      0.003719329833984375
    ],
    "gabor_features": [
      234.2857894897461,
      63.58928216628345,
      253.89189529418945,
      15.12667804845192,
      228.42316818237305,
      72.47584064151016,
      253.51394653320312,
      17.528430080792717
    ]
  },
  "shape_features": {
    "edge_density": 0.2579689025878906,
    "num_contours": 3077,
    "avg_contour_points": 20.9688007799805,
    "avg_contour_area": 7.594897627559311,
    "hu_moments": [
      0.001277740859496854,
      4.3012018697538925e-08,
      1.6355928845758156e-11,
      9.824306470220101e-12,
      1.181194903274337e-22,
      1.0993726196838785e-15,
      -3.9454825252407484e-23
    ]
  },
  "spatial_features": {
    "cell_stats": [
      {
        "mean": 113.34557093425606,
        "std": 38.219294291783086,
        "position": [
          0,
          0
        ]
      },
      {
        "mean": 137.90892733564013,
        "std": 34.15978042235299,
        "position": [
          0,
          1
        ]
      },
      {
        "mean": 78.1255017301038,
        "std": 26.5011129917249,
        "position": [
          0,
          2
        ]
      },
      {
        "mean": 108.53276816608997,
        "std": 44.37821559811635,
        "position": [
          1,
          0
        ]
      },
      {
        "mean": 137.77065743944635,
        "std": 29.780286504223827,
        "position": [
          1,
          1
        ]
      },
      {
        "mean": 96.80439446366782,
        "std": 34.844344555045026,
        "position": [
          1,
          2
        ]
      },
      {
        "mean": 106.60847750865052,
        "std": 46.26046872000035,
        "position": [
          2,
          0
        ]
      },
      {
        "mean": 181.8689965397924,
        "std": 47.53800156105296,
        "position": [
          2,
          1
        ]
      },
      {
        "mean": 155.0540830449827,
        "std": 53.432370496663886,
        "position": [
          2,
          2
        ]
      }
    ],
    "frequency_mean": 181.38854484898516,
    "frequency_std": 15.599129193623346,
    "horizontal_imbalance": 0.0037595561906403185,
    "vertical_imbalance": 0.11530148375268076
  }
}