{
  "image_info": {
    "filename": "0024.jpg",
    "height": 512,
    "width": 512,
    "channels": 3,
    "aspect_ratio": 1.0
  },
  "depth_features": {
    "mean_depth": 0.12126244781218222,
    "std_depth": 0.14909291204075237,
    "min_depth": -3.9567133530676185e-19,
    "max_depth": 1.0
  },
  "color_features": {
    "mean_hue": 101.47126007080078,
    "std_hue": 3.877568272874839,
    "mean_saturation": 125.66034698486328,
    "std_saturation": 51.48966202072991,
    "mean_value": 132.6725845336914,
    "std_value": 42.370513765432435,
    "mean_blue": 132.6641731262207,
    "std_blue": 42.388978007819674,
    "mean_green": 111.05284881591797,
    "std_green": 39.41016224316933,
    "mean_red": 74.2265625,
    "std_red": 47.88280349758746,
    "mean_lightness": 113.88755416870117,
    "std_lightness": 41.74496888480776,
    "dominant_hue": 99.0,
    "dominant_colors": [
      [
        68,
        54,
        21
      ],
      [
        104,
        82,
        31
      ],
      [
        188,
        166,
        148
      ],
      [
        136,
        111,
        65
      ],
      [
        164,
        139,
        108
      ]
    ],
    "color_proportions": [
      0.17041778564453125,
      0.23821258544921875,
      0.18365097045898438,
      0.19757461547851562,
      0.21014404296875
    ]
  },
  "texture_features": {
    "contrast": 19.02288318204228,
    "homogeneity": 0.48086205015791494,
    "energy": 0.0008344927337020636,
    "lbp_stats": [
      0.0166473388671875,
      0.0160064697265625,
      0.0007171630859375,
      0.00566864013671875,
      0.00113677978515625,
      0.00029754638671875,
      0.001995086669921875,
      0.013950347900390625,
      0.000720977783203125,
      0.000972747802734375
    ],
    "gabor_features": [
      251.85323333740234,
      19.393719820660934,
      253.71199417114258,
      15.904203793429728,
      200.2661895751953,
      97.70214049282436,
      254.1360206604004,
      13.211018770902921
    ]
  },
  "shape_features": {
    "edge_density": 0.06266021728515625,
    "num_contours": 469,
    "avg_contour_points": 25.70149253731343,
    "avg_contour_area": 3.6140724946695095,
    "hu_moments": [
      0.0016146568581486464,
      2.2281544723669685e-09,
      3.536696452577553e-11,
      4.0088399082643305e-11,
      6.343618892889494e-22,
      -1.264744093203197e-15,
      1.3697118918728116e-21
    ]
  },
  "spatial_features": {
    "cell_stats": [
      {
        "mean": 139.7389965397924,
        "std": 31.35175157819335,
        "position": [
          0,
          0
        ]
      },
      {
        "mean": 132.9118339100346,
        "std": 35.948039853393034,
        "position": [
          0,
          1
        ]
      },
      {
        "mean": 124.7925259515571,
        "std": 37.652408620624094,
        "position": [
          0,
          2
        ]
      },
      {
        "mean": 113.13913494809688,
        "std": 38.95131445178175,
        "position": [
          1,
          0
        ]
      },
      {
        "mean": 90.39034602076124,
        "std": 39.85241089577303,
        "position": [
          1,
          1
        ]
      },
      {
        "mean": 99.34384083044982,
        "std": 39.740877934686445,
        "position": [
          1,
          2
        ]
      },
      {
        "mean": 76.95792387543253,
        "std": 24.792783325642713,
        "position": [
          2,
          0
        ]
      },
      {
        "mean": 74.40588235294118,
        "std": 24.760977084096854,
        "position": [
          2,
          1
        ]
      },
      {
        "mean": 72.42529411764706,
        "std": 27.41797311036994,
        "position": [
          2,
          2
        ]
      }
    ],
    "frequency_mean": 140.60305966770227,
    "frequency_std": 26.74022322128359,
    "horizontal_imbalance": 0.04467917049632353,
    "vertical_imbalance": 0.1713369332107843
  }
}