{
  "image_info": {
    "filename": "0075.jpg",
    "height": 512,
    "width": 512,
    "channels": 3,
    "aspect_ratio": 1.0
  },
  "depth_features": {
    "mean_depth": 0.053203533430850235,
    "std_depth": 0.06040038449847762,
    "min_depth": 4.0699695376416993e-19,
    "max_depth": 1.0
  },
  "color_features": {
    "mean_hue": 17.182296752929688,
    "std_hue": 21.206431021871058,
    "mean_saturation": 91.34463119506836,
    "std_saturation": 43.821586591025735,
    "mean_value": 143.31129455566406,
    "std_value": 55.463754833920596,
    "mean_blue": 95.12803649902344,
    "std_blue": 47.4742789481588,
    "mean_green": 113.13632583618164,
    "std_green": 48.973311459449334,
    "mean_red": 142.79372024536133,
    "std_red": 55.26248954430357,
    "mean_lightness": 126.282958984375,
    "std_lightness": 51.34002999849022,
    "dominant_hue": 10.0,
    "dominant_colors": [
      [
        128,
        151,
        192
      ],
      [
        60,
        76,
        103
      ],
      [
        179,
        189,
        205
      ],
      [
        25,
        33,
        49
      ],
      [
        96,
        118,
        152
      ]
    ],
    "color_proportions": [
      0.23798751831054688,
      0.18115997314453125,
      0.107147216796875,
      0.15709686279296875,
      0.3166084289550781
    ]
  },
  "texture_features": {
    "contrast": 67.22979559731903,
    "homogeneity": 0.3510758949315226,
    "energy": 0.00042148077045567334,
    "lbp_stats": [
      0.032833099365234375,
      0.0081939697265625,
      0.0038604736328125,
      0.00579833984375,
      0.007930755615234375,
      0.001285552978515625,
      0.00540924072265625,
      0.014728546142578125,
      0.003742218017578125,
      0.001117706298828125
    ],
    "gabor_features": [
      234.58213424682617,
      63.13482479476671,
      250.5958023071289,
      30.328147264513653,
      236.35552978515625,
      57.98900436301911,
      250.50004196166992,
      30.02040601357548
    ]
  },
  "shape_features": {
    "edge_density": 0.0392303466796875,
    "num_contours": 302,
    "avg_contour_points": 30.311258278145694,
    "avg_contour_area": 8.771523178807946,
    "hu_moments": [
      0.0013447589158165475,
      4.286968335671734e-08,
      1.4939981116168215e-11,
      2.3446126632301896e-12,
      -1.0423714395016301e-23,
      1.7006888051279141e-16,
      -9.15996597620453e-24
    ]
  },
  "spatial_features": {
    "cell_stats": [
      {
        "mean": 136.27823529411765,
        "std": 57.17367813018729,
        "position": [
          0,
          0
        ]
      },
      {
        "mean": 110.47968858131487,
        "std": 61.98206378497643,
        "position": [
          0,
          1
        ]
      },
      {
        "mean": 100.47273356401384,
        "std": 36.38515111882033,
        "position": [
          0,
          2
        ]
      },
      {
        "mean": 116.099723183391,
        "std": 57.53473709196655,
        "position": [
          1,
          0
        ]
      },
      {
        "mean": 143.72401384083045,
        "std": 38.97057213513295,
        "position": [
          1,
          1
        ]
      },
      {
        "mean": 122.72920415224914,
        "std": 37.20111559871252,
        "position": [
          1,
          2
        ]
      },
      {
        "mean": 89.43377162629758,
        "std": 48.04643307728031,
        "position": [
          2,
          0
        ]
      },
      {
        "mean": 123.02179930795847,
        "std": 34.19952764118443,
        "position": [
          2,
          1
        ]
      },
      {
        "mean": 137.62148788927337,
        "std": 36.92245144385128,
        "position": [
          2,
          2
        ]
      }
    ],
    "frequency_mean": 152.80043130861583,
    "frequency_std": 20.534551881730547,
    "horizontal_imbalance": 0.02220132865157782,
    "vertical_imbalance": 0.011802194632735907
  }
}